Furion#3168,hypnotic#4145,Rince103#2985,Moon#8979,Jose_Paulo#8271,Hebus#5806,Ikit976#2476,panterq#0272,popicio#0761,Merlijn#6419,Chowiex#1131,"Erdem ""matrim""#2328",MrMafuska#2096,Moonshade#3695,Kol83#2950,Mark/Kroxigor#4451,AlexanderK#1822,DeathToGreenSkins (InToTheWannaB#4097) ,Annatar (l'Astiko#8112)
,Hypnotic,,,Jose Paulo Soares Pinheiro,,Ikit976,,,,,Erdem,,,,Kroxigor,,DeathToGreenSkins,
Nasion#1847,tulmir#0190,Hugh Scarlin#1734,Crusader#0358,rstaudle#2079,Kain187- Josh Stuart#2006,fer90y1#0937,Ursa06#4482,Kazandu#9355,fistandfurious#1346,SwampSwimmer#8445,Pavel11#4149,Just_Flo#9910,pyrax#4901,Wesser#3867,electric#0603,Kungfusilas#5483,arnadil#4309,Donna#7493
,,,,,,,,,,,,Just_Flo,,,,,,Donna
borcha#8702,mdueholm#5229,daemonik#9250,Allor#2157,Razon#3326,BlackLancer#6402,Feynn#3123,Kyrys#2035,hejkakejka#2513,Paweł#1321,Harkunash#1103,Mike#6428,Roman's Revenge#2862,genoveffo#0541,lolloammi#0569,Vhordrai#0857,LGH#8044,Lakonas#9510,Glakthag#8025
Clement - #Borcha8702,,,,,,,,,Pawel,,,,,,,,,
SpeLLie#0152,danrakh#5834,n1k0demus#9995,sterotony89#9083,Athos#9189,SouthsideDevil#6765,skrakk#9927,lekrist#4640,TommyRelax#4991,marcema#4072,Piotr Borowski#5381,Awww Jeeze#2899,Massimo#5971,Feytor#9068,Madcadd#4526,Wes#3812,Marbo#6634,BobP#8274,Kislevskaven#6010
,,,,,,,,TommyRelax,,Piotr,Matt,,,,Wes,,BobP,Kislevskaven
KRagnar#0303,Martins#9629,Thurvack#1506,Raist#0807,Chack#0016,Inkvizitor Maximilian#3700,Monastery_Dude#3178,թєɠς#5976,Almentro#4330,Yospel#1260,DabCraft#9343,Agrael#5175,Redbeard#9187,FrankR#9097,nighti#3936,Jeff K#5933,modmoto#6571,John Wiff#1019,Barbastur#8812
,,,,,,,,,,,,,,,,,,
tubahero#6316,Sueko#4001,orion76#5047,orombi#7852,masterchief90#8596,Myelome#6207,Serbulent#6470,Jarekk#4800,DrewG#0382,bob3k#8487,JackSkwarrow#9501,Franck Lesoft#7561,arash_suri#3491,KiRa (Hugo C)#9526,RIPxGronk87#8544,Kelvenmore (Fullstack3D#7464),Anthrillien Twilightspear#7226,MaddHadd#1941,Batosai#8064
,,,,,,,,DrewG,,,,,,,Kelvenmore,Anthrillien Twilightspear,,